Job Title,Company,Location,Link
"New
Research Advocate and Support Engineer
		    Redivis, Inc.
                
Oakland, CA, United States","New
Research Advocate and Support Engineer
		    Redivis, Inc.","Oakland, CA, United States",https://www.python.org/jobs/8074/
"New
Senior Python Core Engineer
		    Chime
                
Remote, United States","New
Senior Python Core Engineer
		    Chime","Remote, United States",https://www.python.org/jobs/8073/
"New
Senior Python Engineer
		    Fulfil
                
Toronto, ON, Canada","New
Senior Python Engineer
		    Fulfil","Toronto, ON, Canada",https://www.python.org/jobs/8070/
"New
Software Engineer - Python
		    RouteOne
                
Farmington Hills, MI, United States","New
Software Engineer - Python
		    RouteOne","Farmington Hills, MI, United States",https://www.python.org/jobs/8068/
"New
Python Research Software Consultant (Competitive Pay, Short-Term, Remote)
		    Texas Southern University
                
Houston, TX, USA","New
Python Research Software Consultant (Competitive Pay, Short-Term, Remote)
		    Texas Southern University","Houston, TX, USA",https://www.python.org/jobs/8067/
"New
Machine Learning Engineer
		    Rebel Space Technologies
                
Long Beach, Hybrid, California, USA","New
Machine Learning Engineer
		    Rebel Space Technologies","Long Beach, Hybrid, California, USA",https://www.python.org/jobs/8065/
"New
Software Engineer (Python/Data)
		    Nava PBC
                
Remote, United States","New
Software Engineer (Python/Data)
		    Nava PBC","Remote, United States",https://www.python.org/jobs/8062/
"New
DevOps Engineer-FULLY REMOTE-US, CANADA, EUROPE based only
		    ActivePrime, Inc.
                
REMOTE, REMOTE","New
DevOps Engineer-FULLY REMOTE-US, CANADA, EUROPE based only
		    ActivePrime, Inc.","REMOTE, REMOTE",https://www.python.org/jobs/8061/
"New
Senior Back-End Python Engineer - FULLY REMOTE-WORLDWIDE
		    ActivePrime, Inc.
                
REMOTE, REMOTE","New
Senior Back-End Python Engineer - FULLY REMOTE-WORLDWIDE
		    ActivePrime, Inc.","REMOTE, REMOTE",https://www.python.org/jobs/8059/
"Senior Python Developer - full stack
		    Trusted Carrier Logistik GmbH
                
Remote (EU), Overijsel, Remote (EU)","Senior Python Developer - full stack
		    Trusted Carrier Logistik GmbH","Remote (EU), Overijsel, Remote (EU)",https://www.python.org/jobs/8057/
"Senior Research Software Engineer (Multiphoton Microscopy)
		    Sainsbury Wellcome Centre
                
London, United Kingdom","Senior Research Software Engineer (Multiphoton Microscopy)
		    Sainsbury Wellcome Centre","London, United Kingdom",https://www.python.org/jobs/8056/
"Senior Research Software Engineer (Neural and Behavioural Data)
		    Sainsbury Wellcome Centre
                
London, United Kingdom","Senior Research Software Engineer (Neural and Behavioural Data)
		    Sainsbury Wellcome Centre","London, United Kingdom",https://www.python.org/jobs/8055/
"Python Software Engineer
		    HypothesisBase
                
Remote, Remote, USA","Python Software Engineer
		    HypothesisBase","Remote, Remote, USA",https://www.python.org/jobs/8054/
"Python Developer - Remote
		    DivIHN Integration Inc
                
Atlanta, US","Python Developer - Remote
		    DivIHN Integration Inc","Atlanta, US",https://www.python.org/jobs/8052/
"Senior Python Developer
		    Six Feet Up
                
Remote, USA","Senior Python Developer
		    Six Feet Up","Remote, USA",https://www.python.org/jobs/8050/
"Senior Python Developer/DevOps Engineer
		    Six Feet Up
                
Remote, (USA only)","Senior Python Developer/DevOps Engineer
		    Six Feet Up","Remote, (USA only)",https://www.python.org/jobs/8049/
"Python Tech Lead
		    TramCase
                
Remote, Remote","Python Tech Lead
		    TramCase","Remote, Remote",https://www.python.org/jobs/8047/
"Infrastructure Engineer
		    Python Software Foundation
                
Remote, USA","Infrastructure Engineer
		    Python Software Foundation","Remote, USA",https://www.python.org/jobs/8044/
"Senior Python Engineer (backend focused)
		    World Parts Direct
                
Garland, TX, United States","Senior Python Engineer (backend focused)
		    World Parts Direct","Garland, TX, United States",https://www.python.org/jobs/8041/
"DevOps Engineer-FULLY REMOTE-US, CANADA, EUROPE only
		    ActivePrime, Inc.
                
Mountain View, California, United States","DevOps Engineer-FULLY REMOTE-US, CANADA, EUROPE only
		    ActivePrime, Inc.","Mountain View, California, United States",https://www.python.org/jobs/8040/
"Senior Full-Stack Engineer (remote)
		    AIDAR
                
Hamburg, Germany","Senior Full-Stack Engineer (remote)
		    AIDAR","Hamburg, Germany",https://www.python.org/jobs/8033/
"Junior Software Engineer
		    Mechanize
                
San Francisco, CA, USA","Junior Software Engineer
		    Mechanize","San Francisco, CA, USA",https://www.python.org/jobs/8032/
